{
    "name": "<%= name %>",
    "description": "<%= description %>",
    "author": "<%= userName %>",
    "email": "<%= userEmail %>",
    "devDependencies": {
        "grunt": ">=0.4.1",
        "grunt-contrib-jshint": ">=0.2.0",
        "grunt-contrib-uglify": ">=0.1.2",
        "grunt-contrib-concat": ">=0.3",
        "grunt-contrib-watch": ">=0.3.1",
        <% if ( Sass=='y' || Sass=='Y' ) { %>
        "grunt-contrib-compass": ">=0.1.3",
        <% } %>
        "grunt-contrib-compress": ">=0.5.0"
    }
}
